qid,state_name,lat,lon,name_en,name_hi,name_ta,name_te,name_kn,name_ml,name_bn,name_or,name_mr,name_gu,image_url,deity,religion,architecture_style,commissioned_by,founded_by,inception,heritage_status,inscription,commons_category,wiki_image_url,best_image_url,image_license,image_author,wikipedia_en
Q104476239,Odisha,18.606389,82.799445,Subai Jain temples,,,,,,,,,,http://commons.wikimedia.org/wiki/Special:FilePath/Subai%20Jain%20temple%2C%20Koraput%20district%2C%20Odisha%20%28cropped%29%20-%202.jpg?width=640,,,,,,,,,Subai Jain temples,https://upload.wikimedia.org/wikipedia/commons/8/87/Subai_Jain_temple%2C_Koraput_district%2C_Odisha_%28cropped%29_-_2.jpg,https://upload.wikimedia.org/wikipedia/commons/8/87/Subai_Jain_temple%2C_Koraput_district%2C_Odisha_%28cropped%29_-_2.jpg,CC BY-SA 4.0,Subhashish Panigrahi,https://en.wikipedia.org/wiki/Subai_Jain_temples
Q106462775,Odisha,21.474000,83.959000,Maa Samleswari Temple,समलेश्वरी मन्दिर,,,,,,,,,http://commons.wikimedia.org/wiki/Special:FilePath/Samlei%20Gudi%20%28Samaleswari%20Temple%29.jpg?width=640,,,,,,,,,,,http://commons.wikimedia.org/wiki/Special:FilePath/Samlei%20Gudi%20%28Samaleswari%20Temple%29.jpg?width=640,CC BY 3.0,AmitabhPatra,https://en.wikipedia.org/wiki/Samleswari_Temple
Q11058991,Odisha,20.216667,85.870833,"Chausath Yogini Temple, Hirapur","चौसठ योगिनी मंदिर, हीरापुर","யோகினி கோயில், ஒடிசா",చౌసతీ జోగిని ఆలయం,ಚೌಸತಿ ಜೋಗಿನಿ ದೇವಾಲಯ,ചൗസതി ജോകിനി ക്ഷേത്രം,চৌষট্টি যোগিনী মন্দির,ଚଉଷଠି ଯୋଗିନୀ ମନ୍ଦିର,चौसष्ठ योगिनी मंदिर,,http://commons.wikimedia.org/wiki/Special:FilePath/Chausathi%20Yogini%20temple%20Hirapur%20%2812%29.jpg?width=640,,,,,,,Monument of National Importance,,"Chausath Yogini Temple, Hirapur",https://upload.wikimedia.org/wikipedia/commons/3/3b/Chausath_Yogini_Temple_-_Outside.JPG,https://upload.wikimedia.org/wikipedia/commons/3/3b/Chausath_Yogini_Temple_-_Outside.JPG,CC BY-SA 3.0,Rohit Agarwal,"https://en.wikipedia.org/wiki/Chausath_Yogini_Temple,_Hirapur"
Q110983829,Odisha,19.230000,82.550000,Maa Bhandara Gharani Temple,,,,,,,,,,http://commons.wikimedia.org/wiki/Special:FilePath/Bhandara%20Gharani%20Temple%2006.jpg?width=640,,,,,,,,,Maa Bhandara Gharani Temple,,http://commons.wikimedia.org/wiki/Special:FilePath/Bhandara%20Gharani%20Temple%2006.jpg?width=640,CC BY-SA 4.0,Prateek Pattanaik,
Q116527678,Odisha,,,Tota Gopinath Temple,,,,,,,,,,http://commons.wikimedia.org/wiki/Special:FilePath/Tota%20Gopinath%20Temple%2C%20Chatak%20Parbat%20in%20Puri%2004.jpg?width=640,,,,,,,,,Tota Gopinath Temple,,http://commons.wikimedia.org/wiki/Special:FilePath/Tota%20Gopinath%20Temple%2C%20Chatak%20Parbat%20in%20Puri%2004.jpg?width=640,CC BY-SA 4.0,Pinakpani,
Q12060832,Odisha,20.131731,85.092373,"Jagannath Temple, Nayagarh",,,,,,,,,,http://commons.wikimedia.org/wiki/Special:FilePath/Jagannath%20Temple%2C%20Nayagarh.jpg?width=640,,,,,,,State Protected Monument,,,https://upload.wikimedia.org/wikipedia/commons/1/12/Jagannath_Temple%2C_Nayagarh.jpg,https://upload.wikimedia.org/wikipedia/commons/1/12/Jagannath_Temple%2C_Nayagarh.jpg,CC BY 3.0,Sanshlistha m,"https://en.wikipedia.org/wiki/Jagannath_Temple,_Nayagarh"
Q13229738,Odisha,20.000000,84.000000,Samaleswari Temple,समलेश्वरी मंदिर,,,,,সমলেশ্বরী মন্দির,ସମଲେଶ୍ଵରୀ ମନ୍ଦିର,,,http://commons.wikimedia.org/wiki/Special:FilePath/Samlei%20Gudi%20%28Samaleswari%20Temple%29.jpg?width=640,,,,,,,,,Samaleswari Temple,https://upload.wikimedia.org/wikipedia/commons/8/80/Samlei_Gudi_%28Samaleswari_Temple%29.jpg,https://upload.wikimedia.org/wikipedia/commons/8/80/Samlei_Gudi_%28Samaleswari_Temple%29.jpg,CC BY 3.0,AmitabhPatra,https://en.wikipedia.org/wiki/Samaleswari_Temple
Q136823662,Odisha,,,,,,,,,,ସାନମା' ଦକ୍ଷିଣ କାଳୀ ମନ୍ଦିର,,,http://commons.wikimedia.org/wiki/Special:FilePath/Maa%20Dakhinakali%2CBiragovindpur.jpg?width=640,,,,,,,,,,,http://commons.wikimedia.org/wiki/Special:FilePath/Maa%20Dakhinakali%2CBiragovindpur.jpg?width=640,CC BY-SA 4.0,Satya Narayan Baral,
Q137709200,Odisha,21.536300,86.830618,Jagannath Temple,,,,,,,,,,http://commons.wikimedia.org/wiki/Special:FilePath/Jagannath%20Temple%2C%20Balgopalpur%2020160608.jpg?width=640,,,,,,,,,"Jagannath Temple, Balgopalpur",,http://commons.wikimedia.org/wiki/Special:FilePath/Jagannath%20Temple%2C%20Balgopalpur%2020160608.jpg?width=640,CC BY-SA 4.0,Mrityunjay Shukla,
Q137774303,Odisha,,,Swapneswar temple,,,,,,,"ସ୍ଵପ୍ନେଶ୍ଵର ମନ୍ଦିର,କେନ୍ଦୁସାହି",,,http://commons.wikimedia.org/wiki/Special:FilePath/Swpneswar%20temple%20090812.jpg?width=640,Shiva,Hinduism,,,,,,,,,http://commons.wikimedia.org/wiki/Special:FilePath/Swpneswar%20temple%20090812.jpg?width=640,CC0,Baba Swapneswar,
Q139761986,Odisha,20.844000,85.151500,"Jagannath Temple, Angul",,,,,,,,,,http://commons.wikimedia.org/wiki/Special:FilePath/Saila%20Srikhetra%2C%20Angul.png?width=640,,,,,,,,,,https://upload.wikimedia.org/wikipedia/commons/e/ea/Saila_Srikhetra%2C_Angul.png,https://upload.wikimedia.org/wikipedia/commons/e/ea/Saila_Srikhetra%2C_Angul.png,CC0,S4yam,"https://en.wikipedia.org/wiki/Jagannath_Temple,_Angul"
Q15008059,Odisha,19.665091,85.216016,Kalijai,कालीजाई,,కాళీజై దేవాలయం,,,কালিজাই,କାଳିଜାଇ,,,http://commons.wikimedia.org/wiki/Special:FilePath/Kalijai%20temple%20Chilika.jpg?width=640,,,,,,,,,,https://upload.wikimedia.org/wikipedia/commons/a/a4/Kalijai_temple_Chilika.jpg,https://upload.wikimedia.org/wikipedia/commons/a/a4/Kalijai_temple_Chilika.jpg,CC BY-SA 3.0,Aruni Nayak,https://en.wikipedia.org/wiki/Kalijai
Q15261008,Odisha,20.243055,85.835000,Narayani Temple,,,,,,,,,,http://commons.wikimedia.org/wiki/Special:FilePath/Narayani%201.jpg?width=640,,,,,,,,,,https://upload.wikimedia.org/wikipedia/commons/e/e3/Narayani_1.jpg,https://upload.wikimedia.org/wikipedia/commons/e/e3/Narayani_1.jpg,FAL,Dr. Sadasiba Pradhan,https://en.wikipedia.org/wiki/Narayani_Temple
Q15723600,Odisha,19.803889,85.821944,Angira Ashram,,,,,,,ଅଙ୍ଗିରା ଆଶ୍ରମ,,,http://commons.wikimedia.org/wiki/Special:FilePath/Outside%20of%20angira%20Ashram.jpg?width=640,,,,,,,,,,,http://commons.wikimedia.org/wiki/Special:FilePath/Outside%20of%20angira%20Ashram.jpg?width=640,CC BY-SA 4.0,Pkp05,
Q15723826,Odisha,20.229090,85.827438,Kapilesvara Siva Temple,कपिलेश्वर शिव मंदिर,,"కపిలేశ్వర శివాలయం, భువనేశ్వర్",ಕಪಿಲೇಶ್ವರ ಶಿವ ದೇವಾಲಯ,,কপিলেশ্বর শিবমন্দির,କପିଳେଶ୍ଵର,,,http://commons.wikimedia.org/wiki/Special:FilePath/Kapilesvara%20temple%20%2815%29.jpg?width=640,Shiva,,,,,,,,Kapilesvara Siva Temple,https://upload.wikimedia.org/wikipedia/commons/0/08/Kapilesvara_temple_%2818%29.jpg,https://upload.wikimedia.org/wikipedia/commons/0/08/Kapilesvara_temple_%2818%29.jpg,CC BY-SA 4.0,Ssriram mt,https://en.wikipedia.org/wiki/Kapilesvara_Siva_Temple
Q15724028,Odisha,20.270000,86.170000,Gorakhnath Temple,गोरखनाथ मंदिर,,,,,গোরক্ষনাথ মন্দির,ଗୋରଖନାଥ,,,http://commons.wikimedia.org/wiki/Special:FilePath/Gorakhnath%20temple%201.JPG?width=640,,,,,,,,,,,http://commons.wikimedia.org/wiki/Special:FilePath/Gorakhnath%20temple%201.JPG?width=640,CC BY-SA 3.0,Kamalakanta777,
Q15724127,Odisha,21.462894,86.765514,"Jagannath Temple, Nilagiri",,,,,,,"ଜଗନ୍ନାଥ ମନ୍ଦିର, ନୀଳଗିରି",,,http://commons.wikimedia.org/wiki/Special:FilePath/Nilagiri%20Jagannatha-temple.jpg?width=640,,,,,,,,,"Jagannath Temple, Nilagiri",,http://commons.wikimedia.org/wiki/Special:FilePath/Nilagiri%20Jagannatha-temple.jpg?width=640,CC BY-SA 3.0,Subhasisa Panigahi,
Q15724230,Odisha,19.489675,84.899786,Taratarini Temple,,,,,,,ତାରାତାରିଣୀ ମନ୍ଦିର,,,http://commons.wikimedia.org/wiki/Special:FilePath/Taratarini%20maa.jpg?width=640,,,,,,,,,,,http://commons.wikimedia.org/wiki/Special:FilePath/Taratarini%20maa.jpg?width=640,CC BY 3.0,Nayansatya,
Q15724231,Odisha,21.383300,85.883300,"Maa Tarini Temple, Ghatgaon","मां तारिणी मंदिर, घाटगाँव",,"మా తారిణీ ఆలయం, ఘాట్గావ్",,,,ତାରିଣୀ ମନ୍ଦିର,,,http://commons.wikimedia.org/wiki/Special:FilePath/Tarni%20temple%20Gate%20view.JPG?width=640,,,,,,,,,Maa Tarini Temple,https://upload.wikimedia.org/wikipedia/commons/6/6b/Tarni_temple_Gate_view.JPG,https://upload.wikimedia.org/wikipedia/commons/6/6b/Tarni_temple_Gate_view.JPG,CC BY-SA 3.0,Jnanaranjan sahu,"https://en.wikipedia.org/wiki/Maa_Tarini_Temple,_Ghatgaon"
Q15724793,Odisha,20.480211,85.784333,Bali Bhuasuni Peeth,बालि भुआसुनि पीठ,,,,,বালি ভূশুনি পীঠ,ବାଲି ଭୁଆସୁଣୀ ପୀଠ,,,http://commons.wikimedia.org/wiki/Special:FilePath/Bhuasuni.jpg?width=640,,,,,,,,,,,http://commons.wikimedia.org/wiki/Special:FilePath/Bhuasuni.jpg?width=640,CC BY-SA 3.0,Kamalakanta777,
Q15724834,Odisha,20.618100,84.394673,Binikei Temple,बिनिकेई मंदिर,,,,,বিনিকেই মন্দির,ବିନିକେଇ,,,http://commons.wikimedia.org/wiki/Special:FilePath/Main%20gate%20of%20Maa%20Binikeyee%20Peetha%2C%20Athmallik.JPG?width=640,,,,,,,,,,,http://commons.wikimedia.org/wiki/Special:FilePath/Main%20gate%20of%20Maa%20Binikeyee%20Peetha%2C%20Athmallik.JPG?width=640,CC BY-SA 4.0,Aditya Mahar,
Q15725046,Odisha,20.243322,85.853736,Megheswara Temple,मेघेश्वर मंदिर,,,,,,ମେଘେଶ୍ଵର ମନ୍ଦିର,,,http://commons.wikimedia.org/wiki/Special:FilePath/Megheswar%20Temple%20in%20bhubaneswar.jpg?width=640,,,,,,,,,,,http://commons.wikimedia.org/wiki/Special:FilePath/Megheswar%20Temple%20in%20bhubaneswar.jpg?width=640,CC BY-SA 3.0,Kamalakanta777,
Q15725128,Odisha,21.312273,86.817105,"Ram Temple, Junia","राम मंदिर, जूनिया",,,,,"রাম মন্দির, জুনিয়া","ରାମ ମନ୍ଦିର, ଜୁଣିଆ",,,http://commons.wikimedia.org/wiki/Special:FilePath/Ram%20Mandir%20Junia.jpg?width=640,,,,,,,,,,,http://commons.wikimedia.org/wiki/Special:FilePath/Ram%20Mandir%20Junia.jpg?width=640,CC BY-SA 3.0,Ranjan Kumar Panigrahi,
Q1678260,Odisha,19.804722,85.818333,Jagannath Temple,"जगन्नाथ मन्दिर, पुरी",puri jagannath,పూరీ జగన్నాథ దేవాలయం,ಜಗನ್ನಾಥ ದೇವಾಲಯ,പുരി ജഗന്നാഥക്ഷേത്രം,"জগন্নাথ মন্দির, পুরী",ଜଗନ୍ନାଥ ମନ୍ଦିର,जगन्नाथ मंदिर,,http://commons.wikimedia.org/wiki/Special:FilePath/Shri%20Jagannath%20temple.jpg?width=640,Jagannath,,Kalinga architecture,,,,Monument of National Importance,,"Jagannath Temple, Puri",https://upload.wikimedia.org/wikipedia/commons/b/b7/Shri_Jagannath_temple.jpg,https://upload.wikimedia.org/wikipedia/commons/b/b7/Shri_Jagannath_temple.jpg,CC BY-SA 3.0,Prachites,"https://en.wikipedia.org/wiki/Jagannath_Temple,_Puri"
Q16895869,Odisha,19.242800,83.818100,Nilakantheswar Temple,,,,,,,ନୀଳକଣ୍ଠେଶ୍ଵର ଶିବ ମନ୍ଦିର,,,http://commons.wikimedia.org/wiki/Special:FilePath/Nilakantheswar%20temple.jpg?width=640,Shiva,,,,,,,,,https://upload.wikimedia.org/wikipedia/commons/e/ee/Nilakantheswar_temple.jpg,https://upload.wikimedia.org/wikipedia/commons/e/ee/Nilakantheswar_temple.jpg,CC BY-SA 3.0,Hpsatapathy,https://en.wikipedia.org/wiki/Nilakantheswar_Temple
Q16899534,Odisha,22.268900,84.862800,"Sacred Heart Cathedral, Rourkela",,,,,,,,,,http://commons.wikimedia.org/wiki/Special:FilePath/Sacred%20heart%20church%20hamirpur%20rourkela%20out%20old.jpg?width=640,,Catholicism,,,,,,,"Sacred Heart Cathedral, Rourkela",https://upload.wikimedia.org/wikipedia/commons/e/ed/Sacred_heart_church_hamirpur_rourkela_out_old.jpg,https://upload.wikimedia.org/wikipedia/commons/e/ed/Sacred_heart_church_hamirpur_rourkela_out_old.jpg,CC BY-SA 4.0,Amrit Ekka,"https://en.wikipedia.org/wiki/Sacred_Heart_Cathedral,_Rourkela"
Q18127586,Odisha,21.086172,86.336102,Maa Baulasuni Temple,,,,,,,ବଉଳାଶୁଣୀ,,,http://commons.wikimedia.org/wiki/Special:FilePath/Maa%20Baulasuni.jpg?width=640,,,,,,,,,Maa Baulasuni Temple,https://upload.wikimedia.org/wikipedia/commons/9/98/Maa_Baulasuni.jpg,https://upload.wikimedia.org/wikipedia/commons/9/98/Maa_Baulasuni.jpg,CC BY-SA 4.0,Sangram Keshari Senapati,https://en.wikipedia.org/wiki/Maa_Baulasuni_Temple
Q18585154,Odisha,19.159100,83.917800,"Bhimashankar Jyotirlinga (Dakinyam), Bhimpur","भीमाशंकर ज्योतिर्लिंग (डाकिन्यम), भीमपुर",,,,,,"ଭୀମଶଙ୍କର ଜ୍ୟୋତିର୍ଲିଙ୍ଗ(ଡାକିନ୍ୟାଂ), ଭୀମପୁର",,,http://commons.wikimedia.org/wiki/Special:FilePath/Bhimshankar%20Jyotirlinga%28Dakinyam%29%20temple%20at%20Bhimpur.JPG?width=640,,,,,,,,,,https://upload.wikimedia.org/wikipedia/commons/f/fc/Bhimshankar_Jyotirlinga%28Dakinyam%29_temple_at_Bhimpur.JPG,https://upload.wikimedia.org/wikipedia/commons/f/fc/Bhimshankar_Jyotirlinga%28Dakinyam%29_temple_at_Bhimpur.JPG,CC BY-SA 3.0,Hpsatapathy,"https://en.wikipedia.org/wiki/Bhimashankar_Jyotirlinga_(Dakinyam),_Bhimpur"
Q19595525,Odisha,19.082036,83.812329,"St. Paul's Church, Gunupur","सेंट पॉल चर्च, गुनुपुर",,,,,"সেন্ট পল চার্চ, গুণপুর",,,,http://commons.wikimedia.org/wiki/Special:FilePath/St.%20Paul%27s%20Church%20at%20Gunupur.JPG?width=640,,,,,,,,,"St. Paul's Church, Gunupur",https://upload.wikimedia.org/wikipedia/commons/d/d6/St._Paul%27s_Church_at_Gunupur.JPG,https://upload.wikimedia.org/wikipedia/commons/d/d6/St._Paul%27s_Church_at_Gunupur.JPG,CC BY-SA 4.0,Hpsatapathy,"https://en.wikipedia.org/wiki/St._Paul%27s_Church,_Gunupur"
Q19882260,Odisha,19.649900,85.839900,Bata Mangala Temple,,,,,,,ବାଟମଙ୍ଗଳା ମନ୍ଦିର,,,http://commons.wikimedia.org/wiki/Special:FilePath/Maa%20Bata%20Mangala%2C%20Puri%2C%20Odisha.JPG?width=640,,,,,,,,,Bata Mangala Temple,https://upload.wikimedia.org/wikipedia/commons/5/5a/Maa_Bata_Mangala%2C_Puri%2C_Odisha.JPG,https://upload.wikimedia.org/wikipedia/commons/5/5a/Maa_Bata_Mangala%2C_Puri%2C_Odisha.JPG,CC BY-SA 3.0,Aditya Mahar,https://en.wikipedia.org/wiki/Bata_Mangala_Temple
Q20639791,Odisha,19.160034,83.407790,"Jagannath Temple, Rayagada",,,,,,,ଜଗନ୍ନାଥ ମନ୍ଦିର,,,http://commons.wikimedia.org/wiki/Special:FilePath/Jagannath%20Temple.2%2C%20Rayagada.JPG?width=640,,,,,,,,,"Jagannath Temple, Rayagada",https://upload.wikimedia.org/wikipedia/commons/6/62/Jagannath_Temple.2%2C_Rayagada.JPG,https://upload.wikimedia.org/wikipedia/commons/6/62/Jagannath_Temple.2%2C_Rayagada.JPG,CC BY-SA 4.0,Hpsatapathy,"https://en.wikipedia.org/wiki/Jagannath_Temple,_Rayagada"
Q20650524,Odisha,19.080000,83.820000,"Jagannath Temple, Gunupur",,,"జగన్నాథ దేవాలయం, గుణుపూర్",,,,"ଜଗନ୍ନାଥ ମନ୍ଦିର, ଗୁଣପୁର",,,http://commons.wikimedia.org/wiki/Special:FilePath/Jagannath%20temple%20at%20Gunupur%2CRayagada.jpg?width=640,,,,,,,,,,https://upload.wikimedia.org/wikipedia/commons/0/0a/Jagannath_temple_at_Gunupur%2CRayagada.jpg,https://upload.wikimedia.org/wikipedia/commons/0/0a/Jagannath_temple_at_Gunupur%2CRayagada.jpg,CC BY-SA 3.0,Hpsatapathy,"https://en.wikipedia.org/wiki/Jagannath_Temple,_Gunupur"
Q20741663,Odisha,19.326944,83.438889,"Laxminarayan temple, Therubali","लक्ष्मीनारायण मन्दिर, थेरुबाली",,,,,,"ଲକ୍ଷ୍ମୀନାରାୟଣ ମନ୍ଦିର, ଥେରୁବାଲି",,,http://commons.wikimedia.org/wiki/Special:FilePath/Laxminarayana%20Temple%20at%20Therubali.JPG?width=640,,,,,,,,,,https://upload.wikimedia.org/wikipedia/commons/9/94/Laxminarayana_Temple_at_Therubali.JPG,https://upload.wikimedia.org/wikipedia/commons/9/94/Laxminarayana_Temple_at_Therubali.JPG,CC BY-SA 3.0,Hpsatapathy,"https://en.wikipedia.org/wiki/Laxminarayan_Temple,_Therubali"
Q20873578,Odisha,19.818476,85.830812,Alama Chandi Temple,,,,,,,ଆଲମଚଣ୍ଡି,,,http://commons.wikimedia.org/wiki/Special:FilePath/Alam%20Chandi%20Temple%2C%20Puri.jpg?width=640,,,,,,,,,Alamchandi Temple,https://upload.wikimedia.org/wikipedia/commons/2/29/Alam_Chandi_Temple%2C_Puri.jpg,https://upload.wikimedia.org/wikipedia/commons/2/29/Alam_Chandi_Temple%2C_Puri.jpg,CC BY-SA 4.0,Hpsatapathy,https://en.wikipedia.org/wiki/Alamchandi_Temple
Q2093288,Odisha,19.816917,85.840361,Gundicha Temple,गुंडिचा मंदिर,குண்டிச்சா கோயில்,గుండిచ దేవాలయం,,,গুণ্ডিচা মন্দির,ଗୁଣ୍ଡିଚା ମନ୍ଦିର,,,http://commons.wikimedia.org/wiki/Special:FilePath/Gundicha%20Temple%2C%20Puri%2C%20Odisha1.JPG?width=640,,,,,,,,,Gundicha Temple,https://upload.wikimedia.org/wikipedia/commons/9/9a/Gundicha_Temple%2C_Puri%2C_Odisha1.JPG,https://upload.wikimedia.org/wikipedia/commons/9/9a/Gundicha_Temple%2C_Puri%2C_Odisha1.JPG,CC BY-SA 3.0,Aditya Mahar,https://en.wikipedia.org/wiki/Gundicha_Temple
Q21834506,Odisha,21.436444,86.828083,Khajuresvara temple complex,,,,,,,ଖଜୁରେଶ୍ୱର ଦେଉଳସମୂହ,,,http://commons.wikimedia.org/wiki/Special:FilePath/Khajuresvara%20group%20of%20temples%2C%20Sergarh%2C%20Balasore%20district%2C%20Odisha%2001.JPG?width=640,,,Kalinga architecture,,,,State Protected Monument,,Khajuresvara (group of temples),https://upload.wikimedia.org/wikipedia/commons/4/47/Khajuresvara_group_of_temples%2C_Sergarh%2C_Balasore_district%2C_Odisha_01.JPG,https://upload.wikimedia.org/wikipedia/commons/4/47/Khajuresvara_group_of_temples%2C_Sergarh%2C_Balasore_district%2C_Odisha_01.JPG,CC BY-SA 4.0,Subhashish Panigrahi,https://en.wikipedia.org/wiki/Khajuresvara_temple_complex
Q22813712,Odisha,20.242611,85.840472,Sidheswar Temple,,,,,,সিদ্ধেশ্বর মন্দির,,,,http://commons.wikimedia.org/wiki/Special:FilePath/Bhubaneshwar%20ei027.jpg?width=640,,,,,,,Monument of National Importance,,Sidheswar Temple,,http://commons.wikimedia.org/wiki/Special:FilePath/Bhubaneshwar%20ei027.jpg?width=640,CC BY-SA 4.0,G41rn8,
Q2365530,Odisha,20.238333,85.833611,Lingaraja Temple,लिंगराज मंदिर,லிங்கராஜர் கோயில்,లింగరాజ ఆలయం,ಲಿಂಗರಾಜ ದೇವಸ್ಥಾನ,ലിംഗരാജ ക്ഷേത്രം,লিঙ্গরাজ মন্দির,ଲିଙ୍ଗରାଜ ମନ୍ଦିର,,લિંગરાજ મંદિર,http://commons.wikimedia.org/wiki/Special:FilePath/Lingaraj%20temple%20Bhubaneswar.jpg?width=640,Shiva,,,,,1000-01-01T00:00:00Z,Monument of National Importance,,Lingaraj Temple,https://upload.wikimedia.org/wikipedia/commons/5/5d/Lingaraj_Temple_%2C_Bhubaneswar.jpg,https://upload.wikimedia.org/wikipedia/commons/5/5d/Lingaraj_Temple_%2C_Bhubaneswar.jpg,CC BY-SA 4.0,Satyakam Parthasarathy,https://en.wikipedia.org/wiki/Lingaraja_Temple
Q24937544,Odisha,20.196681,85.948491,Buddhanath Temple,बुद्धनाथ मंदिर,புத்தநாத்து கோயில்,,,,বুদ্ধনাথ মন্দির,,,,http://commons.wikimedia.org/wiki/Special:FilePath/Buddhanath%20Temple.jpg?width=640,,,,,,,State Protected Monument,,"Buddhanath temple, Garedi Panchana",https://upload.wikimedia.org/wikipedia/commons/7/73/Buddhanatha_Temple.jpg,https://upload.wikimedia.org/wikipedia/commons/7/73/Buddhanatha_Temple.jpg,CC BY-SA 4.0,Sidsahu,https://en.wikipedia.org/wiki/Buddhanath_Temple
Q24944004,Odisha,20.243317,85.856257,Megheswar Temple,,,,,,মেঘেশ্বর মন্দির,,,,http://commons.wikimedia.org/wiki/Special:FilePath/Megheswar%20temple%20Bhubaneswar%20%284%29.jpg?width=640,Shiva,,,,,,Monument of National Importance,,"Megheswar temple, Bhubaneswar",https://upload.wikimedia.org/wikipedia/commons/0/0f/Megheswara_temple.jpg,https://upload.wikimedia.org/wikipedia/commons/0/0f/Megheswara_temple.jpg,CC BY-SA 4.0,Rajeshjena453,https://en.wikipedia.org/wiki/Megheswar_Temple
Q25643861,Odisha,,,"Siddeshwar Temple, Athmallik",,,,,,,"ସିଦ୍ଧେଶ୍ଵର ମନ୍ଦିର, ଆଠମଲ୍ଲିକ",,,http://commons.wikimedia.org/wiki/Special:FilePath/Siddeshwar%20Temple%2C%20Athmallik.JPG?width=640,,,,,,,State Protected Monument,,"Siddeshwar Temple, Athmallik",,http://commons.wikimedia.org/wiki/Special:FilePath/Siddeshwar%20Temple%2C%20Athmallik.JPG?width=640,CC BY-SA 3.0,Aditya Mahar,
Q25643881,Odisha,19.783282,84.705759,Shankulai Temple,शंकुलाई मंदिर,,,,,শঙ্কুলাই মন্দির,ଶାଙ୍କୁଳାଇ ମନ୍ଦିର,,,http://commons.wikimedia.org/wiki/Special:FilePath/Maa%20sankulai.jpg?width=640,,,,,,,,,,,http://commons.wikimedia.org/wiki/Special:FilePath/Maa%20sankulai.jpg?width=640,CC BY-SA 3.0,Ranjit Sahu,
Q25643949,Odisha,20.719394,84.533570,Maheshwari Temple,माहेश्वरी मंदिर,,,,,মহেশ্বরী মন্দির,ମାହେଶ୍ଵରୀ ମନ୍ଦିର,,,http://commons.wikimedia.org/wiki/Special:FilePath/Deulajhari%20Hot%20Spring%2CAthmallik%2C%20Angul.JPG?width=640,,,,,,,,,,,http://commons.wikimedia.org/wiki/Special:FilePath/Deulajhari%20Hot%20Spring%2CAthmallik%2C%20Angul.JPG?width=640,CC BY-SA 3.0,Aditya Mahar,
Q25643974,Odisha,20.357017,85.804410,Shikhar Chandi,शिखरचंडी,,,,,শিখর চণ্ডী,ଶିଖରଚଣ୍ଡୀ,,,http://commons.wikimedia.org/wiki/Special:FilePath/Maa%20Tarini%20Temple%206.jpg?width=640,,,,,,,,,,,http://commons.wikimedia.org/wiki/Special:FilePath/Maa%20Tarini%20Temple%206.jpg?width=640,CC BY-SA 3.0,Krupasindhu Muduli,
Q25644010,Odisha,19.841379,85.828831,Bata Mangala,बता मंगला,,,,,বাতা মঙ্গলা,ବାଟମଙ୍ଗଳା,,,http://commons.wikimedia.org/wiki/Special:FilePath/Bata%20mangala%20temple.jpeg?width=640,,,,,,,,,,,http://commons.wikimedia.org/wiki/Special:FilePath/Bata%20mangala%20temple.jpeg?width=640,Public domain,Abha S Pradhan,
Q25644152,Odisha,19.170000,83.420000,"Ma Mangala Ma Temple, Rayagada","माँ मंगल माँ मंदिर, रायगडा",,,,,"মা মঙ্গল মা মন্দির, রায়গড়া","ମା ମଙ୍ଗଳା ମା ମନ୍ଦିର, ରାୟଗଡ଼ା",,,http://commons.wikimedia.org/wiki/Special:FilePath/Maa%20Mangala%20Maa%20Temple%2C%20Rayagada.jpg?width=640,,,,,,,,,,,http://commons.wikimedia.org/wiki/Special:FilePath/Maa%20Mangala%20Maa%20Temple%2C%20Rayagada.jpg?width=640,CC BY-SA 4.0,Hpsatapathy,
Q2578551,Odisha,20.240606,85.835781,Ananta Vasudeva Temple,अनंत वासुदेव मंदिर,,అనంత వాసుదేవ ఆలయం,ಅನಂತ ವಾಸುದೇವ ದೇವಸ್ಥಾನ,അനന്ത വാസുദേവ ക്ഷേത്രം,অনন্ত বাসুদেব মন্দির,ଅନନ୍ତ ବାସୁଦେବ ମନ୍ଦିର,अनंत वासुदेव मंदिर,,http://commons.wikimedia.org/wiki/Special:FilePath/Ananta%20Basudev%20Temple%2C%20Bhubaneswar.jpg?width=640,,,,,,,Monument of National Importance,,Ananta Vasudeva Temple,https://upload.wikimedia.org/wikipedia/commons/0/0a/Ananta_Vasudev.jpg,https://upload.wikimedia.org/wikipedia/commons/0/0a/Ananta_Vasudev.jpg,CC BY-SA 4.0,Satyabrata,https://en.wikipedia.org/wiki/Ananta_Vasudeva_Temple
Q3517635,Odisha,20.240400,85.831500,Yameshwar Temple,यमेश्वर मंदिर,,యమేశ్వరాలయం,ಯಮೇಶ್ವರ ದೇವಸ್ಥಾನ,യമേശ്വർ ക്ഷേത്രം,যমেশ্বর মন্দির,ଯମେଶ୍ୱର ମନ୍ଦିର,यमेश्वर मंदिर,,http://commons.wikimedia.org/wiki/Special:FilePath/Yameswar%20Temple%2C%20Bhubaneswar.jpg?width=640,Shiva,,,,,,Monument of National Importance,,Yameshwar Temple,https://upload.wikimedia.org/wikipedia/commons/c/c3/Collage_of_Jameswar_Temple.jpg,https://upload.wikimedia.org/wikipedia/commons/c/c3/Collage_of_Jameswar_Temple.jpg,CC BY-SA 4.0,Sailesh Patnaik,https://en.wikipedia.org/wiki/Yameshwar_Temple
Q3536413,Odisha,20.262800,85.786000,Udayagiri and Khandagiri Caves,उदयगिरि,"உதயகிரி, கந்தகிரி குகைகள்","ఉదయగిరి, ఖండగిరి గుహలు",ಉದಯಗಿರಿ ಮತ್ತು ಖಂಡಗಿರಿ ಗುಹೆಗಳು,ഉദയഗിരി-ഖണ്ഡഗിരി ഗുഹകൾ,উদয়গিরি এবং খণ্ডগিরি গুহা,ଉଦୟଗିରି ଓ ଖଣ୍ଡଗିରି ଗୁମ୍ଫା,उदयगिरी आणि खंडगिरी लेणी,,http://commons.wikimedia.org/wiki/Special:FilePath/Khandagari%20and%20Udaygiri%20featured%20image.jpg?width=640,,,,,,,Monument of National Importance,,Udayagiri and Khandagiri Caves,https://upload.wikimedia.org/wikipedia/commons/7/72/Khandagari_and_Udaygiri_featured_image.jpg,https://upload.wikimedia.org/wikipedia/commons/7/72/Khandagari_and_Udaygiri_featured_image.jpg,CC BY 4.0,Government of Odisha,https://en.wikipedia.org/wiki/Udayagiri_and_Khandagiri_caves
Q3635669,Odisha,20.241583,85.851803,Muktesvara deula,मुक्तेश्वर मंदिर,"முக்தீஸ்வரர் கோயில், ஒடிசா",ముక్తేశ్వర దేవాలయం,ಮುಕ್ತೇಶ್ವರ ದೇವು,"മുക്തേശ്വര ക്ഷേത്രം, ഭുവനേശ്വർ","মুক্তেশ্বর মন্দির, ভুবনেশ্বর",ମୁକ୍ତେଶ୍ଵର ଦେଉଳ,मुक्तेश्वर मंदिर,,http://commons.wikimedia.org/wiki/Special:FilePath/Muktesvara%20deula.jpg?width=640,Shiva,,,,,1000-01-01T00:00:00Z,Monument of National Importance,,Mukteshvara Temple,https://upload.wikimedia.org/wikipedia/commons/7/7c/Muktesvar_Temple.jpg,https://upload.wikimedia.org/wikipedia/commons/7/7c/Muktesvar_Temple.jpg,CC BY-SA 4.0,Robin Mohapatra,"https://en.wikipedia.org/wiki/Mukteshvara_Temple,_Bhubaneswar"
Q3908319,Odisha,19.186959,84.769194,Siddha Bhairavi,,,,,,,ସିଦ୍ଧ ଭୈରବୀ,,,http://commons.wikimedia.org/wiki/Special:FilePath/Siddhabhairavi%20temple%20mantridi%201.jpg?width=640,,,,,,,,,"Siddha Bhairavi temple, Mantridi",https://upload.wikimedia.org/wikipedia/commons/4/4d/Siddhabhairavi_temple_%2C_mantridi%2C_oridda.jpg,https://upload.wikimedia.org/wikipedia/commons/4/4d/Siddhabhairavi_temple_%2C_mantridi%2C_oridda.jpg,CC BY-SA 4.0,K.Venkataramana,https://en.wikipedia.org/wiki/Siddha_Bhairavi
Q41916226,Odisha,,,Satrughneshwar Temple,,,శత్రుఘ్నేశ్వర ఆలయం,"ಸತ್ರುಘನೇಶ್ವರ ದೇವಸ್ಥಾನ, ಭುವನೇಶ್ವರ",,শত্রুঘ্নশ্বর মন্দির,ଶତ୍ରୁଘ୍ନେଶ୍ୱର ମନ୍ଦିର,शत्रुघ्नेश्वर मंदिर,,http://commons.wikimedia.org/wiki/Special:FilePath/Satrughnesvara%20Temples%20%2819987961462%29.jpg?width=640,,,,,,,,,Satrughneswara Temple,,http://commons.wikimedia.org/wiki/Special:FilePath/Satrughnesvara%20Temples%20%2819987961462%29.jpg?width=640,CC BY 2.0,"Mike Prince from Bangalore, India",
Q41946013,Odisha,20.233333,85.816667,Bharateswar Temple,"भरतेश्वर मंदिर, भुवनेश्वर",,భరతేశ్వర్ ఆలయం,"ಭರೇಶ್ವರ ದೇವಸ್ಥಾನ, ಭುವನೇಶ್ವರ",,ভারতেশ্বর মন্দির,"ଭରତେଶ୍ୱର ମନ୍ଦିର, ଭୁବନେଶ୍ୱର","भरतेश्वर मंदिर, भुवनेश्वर",,http://commons.wikimedia.org/wiki/Special:FilePath/Bharateswara%20Temple%2C%20Bhubaneswar%2007.jpg?width=640,Shiva,,Kalinga architecture,,,,,,Bharateswara Temple,https://upload.wikimedia.org/wikipedia/commons/a/a3/Bharateswara_Temple%2C_Bhubaneswar_07.jpg,https://upload.wikimedia.org/wikipedia/commons/a/a3/Bharateswara_Temple%2C_Bhubaneswar_07.jpg,CC BY-SA 4.0,Prateek Pattanaik,https://en.wikipedia.org/wiki/Bharateswar_Temple
Q4500788,Odisha,18.810606,82.709197,"Jagannath Temple, Koraput",,,"జగన్నాథ ఆలయం, కోరాపుట్",,,,"ଜଗନ୍ନାଥ ମନ୍ଦିର, କୋରାପୁଟ",,,http://commons.wikimedia.org/wiki/Special:FilePath/Jagannath%20temple%20of%20Koraput%2003.jpg?width=640,,,,,,,,,"Jagannath Temple, Koraput",https://upload.wikimedia.org/wikipedia/commons/e/ef/Jagannath_temple_of_Koraput_03.jpg,https://upload.wikimedia.org/wikipedia/commons/e/ef/Jagannath_temple_of_Koraput_03.jpg,CC BY-SA 4.0,Drashokk,"https://en.wikipedia.org/wiki/Jagannath_Temple,_Koraput"
Q4500835,Odisha,19.999917,86.194795,Kakatpur Mangala Temple,,,,,,,ମଙ୍ଗଳା ମନ୍ଦିର,,,http://commons.wikimedia.org/wiki/Special:FilePath/MAA%20MANGALA.jpg?width=640,,,,,,,,,"Mangala Temple, Kakatpur",https://upload.wikimedia.org/wikipedia/commons/0/0c/Maa_Mangala.jpg,https://upload.wikimedia.org/wikipedia/commons/0/0c/Maa_Mangala.jpg,CC BY-SA 4.0,Shaktiprasadbarik,"https://en.wikipedia.org/wiki/Maa_Mangala_Mandir,_Kakatpur"
Q4700682,Odisha,20.034308,85.135442,Akhandalamani Temple,,,,,,অখন্ডলামণি মন্দির,ଆଖଣ୍ଡଳମଣି ମନ୍ଦିର,,,http://commons.wikimedia.org/wiki/Special:FilePath/Akhandalamani%20Temple%2C%20Aradi%2C%20Bhadrak.jpg?width=640,Shiva,,,,,,State Protected Monument,,"Akhandalamani Temple, Aradi",https://upload.wikimedia.org/wikipedia/commons/e/ed/Akhandalamani_Mandir.jpg,https://upload.wikimedia.org/wikipedia/commons/e/ed/Akhandalamani_Mandir.jpg,CC BY-SA 3.0,Odisha1,https://en.wikipedia.org/wiki/Akhandalamani_Temple
Q4708398,Odisha,19.792792,85.645114,Alarnatha Temple,अलारनाथ मन्दिर,அலர்நாத மந்திர்,,ಅಲ್ರನಾಥ ಮಂದಿರ,,অলারনাথ মন্দির,ଅଲାରନାଥ ମନ୍ଦିର,,,http://commons.wikimedia.org/wiki/Special:FilePath/%E0%AC%AC%E0%AD%8D%E0%AC%B0%E0%AC%B9%E0%AD%8D%E0%AC%AE%E0%AC%97%E0%AC%BF%E0%AC%B0%E0%AC%BF%E0%AC%A0%E0%AC%BE%E0%AC%B0%E0%AD%87%20%E0%AC%AD%E0%AC%97%E0%AC%AC%E0%AC%BE%E0%AC%A8%20%E0%AC%AC%E0%AC%BF%E0%AC%B7%E0%AD%8D%E0%AC%A3%E0%AD%81%E0%AC%99%E0%AD%8D%E0%AC%95%E0%AC%B0%20%E0%AC%85%E0%AC%B2%E0%AC%BE%E0%AC%B0%E0%AC%A8%E0%AC%BE%E0%AC%A5%20%E0%AC%AE%E0%AC%A8%E0%AD%8D%E0%AC%A6%E0%AC%BF%E0%AC%B0.jpg?width=640,,,,,,,State Protected Monument,,Alarnatha Mandira,https://upload.wikimedia.org/wikipedia/commons/0/0b/Alarnatha_Mandira.jpg,https://upload.wikimedia.org/wikipedia/commons/0/0b/Alarnatha_Mandira.jpg,CC BY-SA 3.0,Kamalakanta777,https://en.wikipedia.org/wiki/Alarnatha_Mandira
Q4801545,Odisha,20.058500,86.118500,Varahi Deula,,வராகி கோயில்,"బారాహీ దేవాలయం, చౌరాసి",ವಾರಾಹಿ ದೆಕ್ಲ್ಯಾ,വരാഹി ദേവൂല,,ବାରାହୀ ଦେଉଳ,,,http://commons.wikimedia.org/wiki/Special:FilePath/Varahi%20Devi%20Temple%20%2C%20Chaurasi%20.jpg?width=640,,,Kalinga architecture,,,,Monument of National Importance,,"Varahi Deula, Chaurasi",https://upload.wikimedia.org/wikipedia/commons/e/ed/Varahi_Temple_1.jpg,https://upload.wikimedia.org/wikipedia/commons/e/ed/Varahi_Temple_1.jpg,CC BY-SA 4.0,Bikash Ojha,"https://en.wikipedia.org/wiki/Varahi_Deula,_Chaurasi"
Q4810570,Odisha,20.250556,85.855000,Astasambhu Siva Temples,अस्थांभू शिव मंदिर,,అష్టశంభు శివ ఆలయాలు,ಅಸ್ತಂಭಂಬ ಶಿವ ದೇವಾಲಯಗಳು,,অষ্টশম্ভু শিবমন্দির,ଅଷ୍ଟଶମ୍ଭୁ ଶିବ ମନ୍ଦିର,अष्टशंभू शिव मंदिर,,http://commons.wikimedia.org/wiki/Special:FilePath/Astasambhu%20Siva%20Temple-I.jpg?width=640,Shiva,,,,,,,,Astasambhu Temple,https://upload.wikimedia.org/wikipedia/commons/8/8d/Astasambhu_Temple_Complex.jpg,https://upload.wikimedia.org/wikipedia/commons/8/8d/Astasambhu_Temple_Complex.jpg,CC BY-SA 4.0,Prateek Pattanaik,https://en.wikipedia.org/wiki/Astasambhu_Siva_Temples
Q4848728,Odisha,20.242429,85.832323,Baitala Deula,वैताळ देउळ,"சாமுண்டி கோயில், ஒடிசா",వైతాళ దేవళం,ಬೈಟಾಲಾ ಡ್ಯೂಲಾ,,বৈতাল দেউল,ବଇତାଳ ଦେଉଳ,वैताळ देउळ),,http://commons.wikimedia.org/wiki/Special:FilePath/Baitala%20Deula%20Bhubaneswar%2036.jpg?width=640,,Hinduism,Kalinga architecture,,,0701-01-01T00:00:00Z,Monument of National Importance,,Vaital Deula,https://upload.wikimedia.org/wikipedia/commons/f/f5/Baitala_Deula_Bhubaneswar_02.jpg,https://upload.wikimedia.org/wikipedia/commons/f/f5/Baitala_Deula_Bhubaneswar_02.jpg,CC BY-SA 4.0,Prateek Pattanaik,https://en.wikipedia.org/wiki/Baitala_Deula
Q4868499,Odisha,20.245833,85.837222,Bata Mahadeva temple,,,,ಬಾತಾ ಮಹಾದೇವ ದೇವಾಲಯ,,বট মহাদেব মন্দির,"ବାଟ ମହାଦେବ, ଭୁବନେଶ୍ଵର",,,http://commons.wikimedia.org/wiki/Special:FilePath/Bata%20Mahadev%20Temple.jpg?width=640,Shiva,,,,,,,,,https://upload.wikimedia.org/wikipedia/commons/d/d7/Bata_Mahadev_Temple.jpg,https://upload.wikimedia.org/wikipedia/commons/d/d7/Bata_Mahadev_Temple.jpg,CC BY-SA 4.0,Sushant (Bubby),https://en.wikipedia.org/wiki/Bata_Mahadeva
Q4900554,Odisha,21.015272,86.536720,Bhadrakali Temple,,,,,,,ଭଦ୍ରକାଳୀ ମନ୍ଦିର,,,http://commons.wikimedia.org/wiki/Special:FilePath/%E0%AC%86%E0%AC%B9%E0%AC%BE%E0%AC%B0%E0%AC%AA%E0%AC%A6%E0%AC%BE%20%E0%AC%AD%E0%AC%A6%E0%AD%8D%E0%AC%B0%E0%AC%95%E0%AC%BE%E0%AC%B3%E0%AD%80%20%E0%AC%AE%E0%AC%A8%E0%AD%8D%E0%AC%A6%E0%AC%BF%E0%AC%B0%20%E0%AC%AE%E0%AD%81%E0%AC%96%E0%AD%8D%E0%AD%9F%E0%AC%A6%E0%AD%8D%E0%AD%B1%E0%AC%BE%E0%AC%B0.jpg?width=640,,,,,,,State Protected Monument,,"Bhadrakali Temple, Aharapada",https://upload.wikimedia.org/wikipedia/commons/e/e4/%E0%AC%86%E0%AC%B9%E0%AC%BE%E0%AC%B0%E0%AC%AA%E0%AC%A6%E0%AC%BE_%E0%AC%AD%E0%AC%A6%E0%AD%8D%E0%AC%B0%E0%AC%95%E0%AC%BE%E0%AC%B3%E0%AD%80_%E0%AC%AE%E0%AC%A8%E0%AD%8D%E0%AC%A6%E0%AC%BF%E0%AC%B0_%E0%AC%AE%E0%AD%81%E0%AC%96%E0%AD%8D%E0%AD%9F%E0%AC%A6%E0%AD%8D%E0%AD%B1%E0%AC%BE%E0%AC%B0.jpg,https://upload.wikimedia.org/wikipedia/commons/e/e4/%E0%AC%86%E0%AC%B9%E0%AC%BE%E0%AC%B0%E0%AC%AA%E0%AC%A6%E0%AC%BE_%E0%AC%AD%E0%AC%A6%E0%AD%8D%E0%AC%B0%E0%AC%95%E0%AC%BE%E0%AC%B3%E0%AD%80_%E0%AC%AE%E0%AC%A8%E0%AD%8D%E0%AC%A6%E0%AC%BF%E0%AC%B0_%E0%AC%AE%E0%AD%81%E0%AC%96%E0%AD%8D%E0%AD%9F%E0%AC%A6%E0%AD%8D%E0%AD%B1%E0%AC%BE%E0%AC%B0.jpg,CC BY-SA 4.0,Sangram Keshari Senapati,"https://en.wikipedia.org/wiki/Bhadrakali_Temple,_Aharapada"
Q4901441,Odisha,20.368531,85.271711,Bhattarika Temple,,பட்டாரிக்கா கோயில்,భట్టారిక ఆలయం,,,,ଭଟ୍ଟାରିକା ମନ୍ଦିର,,,http://commons.wikimedia.org/wiki/Special:FilePath/Bhattarika.JPG?width=640,,,,,,,,,Bhattarika Temple,https://upload.wikimedia.org/wikipedia/commons/7/71/Bhattarika.JPG,https://upload.wikimedia.org/wikipedia/commons/7/71/Bhattarika.JPG,CC BY-SA 4.0,Sujit kumar,https://en.wikipedia.org/wiki/Bhattarika_Temple
Q4915588,Odisha,20.833764,86.338145,Biraja Temple,बिराज मंदिर,,బిరాజా ఆలయం,,,বিরজা মন্দির,ବିରଜା ମନ୍ଦିର,,,http://commons.wikimedia.org/wiki/Special:FilePath/Front%20view%20from%20left%20side%20of%20Viraja%28also%20named%20as%20Biraja%29%20Temple%20as%20per%20list%20of%20State%20Protected%20Monuments%20in%20Odisha.%20Serial%20Number%20S-OR-105.jpg?width=640,,,,,,,State Protected Monument,,Biraja Temple,https://upload.wikimedia.org/wikipedia/commons/a/a5/Biraja_Temple%2C_Jajpur%2C_Odisha%2C_India%2C_13th_century.jpg,https://upload.wikimedia.org/wikipedia/commons/a/a5/Biraja_Temple%2C_Jajpur%2C_Odisha%2C_India%2C_13th_century.jpg,CC BY-SA 3.0,Odisha1,https://en.wikipedia.org/wiki/Biraja_Temple
Q4955611,Odisha,20.239722,85.851667,Brahmeswara Temple,ब्रह्मेश्वर मंदिर,பிரம்மேஸ்வரர் கோயில்,బ్రహ్మేశ్వర దేవాలయం (భువనేశ్వర్),ಬ್ರಹ್ಮಸ್ವರ ದೇವಸ್ಥಾನ,ബ്രഹ്മേശ്വര ക്ഷേത്രം,ব্রহ্মেশ্বর মন্দির,ବ୍ରହ୍ମେଶ୍ୱର ମନ୍ଦିର,ब्रह्मेश्वर मंदिर,,http://commons.wikimedia.org/wiki/Special:FilePath/Brahmeswara%20temple%20Bhubaneswar%20%281%29.jpg?width=640,,,,,,,Monument of National Importance,,Brahmeswara Temple,https://upload.wikimedia.org/wikipedia/commons/0/0d/Brahmeswar_Temple%2C_Bhubaneswar.JPG,https://upload.wikimedia.org/wikipedia/commons/0/0d/Brahmeswar_Temple%2C_Bhubaneswar.JPG,CC BY-SA 3.0,Udayakuni,https://en.wikipedia.org/wiki/Brahmeswara_Temple
Q4984940,Odisha,20.271287,85.783753,Ram Mandir,,,"రామ మందిర్, జనపథ్",ರಾಮ ಮಂದಿರ,,"রাম মন্দির, ভুবনেশ্বর",ରାମ ମନ୍ଦିର,,,http://commons.wikimedia.org/wiki/Special:FilePath/Ram%20Mandir%2C%20Bhubaneswar.jpg?width=640,,,,,,,,,"Ram Mandir, Bhubaneswar",https://upload.wikimedia.org/wikipedia/commons/5/51/Ram_Mandir%2C_Bhubaneswar.jpg,https://upload.wikimedia.org/wikipedia/commons/5/51/Ram_Mandir%2C_Bhubaneswar.jpg,CC BY-SA 3.0,ଜଗଦୀଶ ଉତ୍ତରକବାଟ,"https://en.wikipedia.org/wiki/Ram_Mandir,_Bhubaneswar"
Q5069919,Odisha,20.246667,85.857778,Champakesvara Siva Temple,चम्पकेश्वर शिव मंदिर,,చంపకేశ్వర శివాలయం,ಚಂಪಾಕೇಶ್ವರ ಶಿವ ದೇವಾಲಯ,,চম্পকেশ্বর শিবমন্দির,ଚମ୍ପକେଶ୍ୱର ଶିବ ମନ୍ଦିର,चंपकेश्वर शिव मंदिर,,http://commons.wikimedia.org/wiki/Special:FilePath/Champakesvara%20Siva%20Temple.jpg?width=640,Shiva,Hinduism,,,,,,,,https://upload.wikimedia.org/wikipedia/commons/0/00/Champakesvara_Siva_Temple.jpg,https://upload.wikimedia.org/wikipedia/commons/0/00/Champakesvara_Siva_Temple.jpg,FAL,Dr. Sadasiba Pradhan,https://en.wikipedia.org/wiki/Champakesvara_Siva_Temple
Q5074165,Odisha,,,Charchika Temple,,,,,,,ଚର୍ଚ୍ଚିକା ମନ୍ଦିର,,,http://commons.wikimedia.org/wiki/Special:FilePath/Charchika%20chamunda.jpg?width=640,,,,,,,,,Charchika Temple,https://upload.wikimedia.org/wikipedia/commons/3/39/Charchika_chamunda.jpg,https://upload.wikimedia.org/wikipedia/commons/3/39/Charchika_chamunda.jpg,CC BY 3.0,Nayansatya,https://en.wikipedia.org/wiki/Charchika_Temple
Q5074316,Odisha,20.874982,84.205380,Chari sambhu temple,,,,,,,ଚାରି ଶମ୍ଭୁ ମନ୍ଦିର,,,http://commons.wikimedia.org/wiki/Special:FilePath/Chari%20Sambhu%20Temple.jpg?width=640,,,,,,,,,,https://upload.wikimedia.org/wikipedia/commons/c/c6/Chari_Sambhu_Temple.jpg,https://upload.wikimedia.org/wikipedia/commons/c/c6/Chari_Sambhu_Temple.jpg,CC BY-SA 4.0,Ajkumar,https://en.wikipedia.org/wiki/Chari_Sambhu_Temple
Q5101322,Odisha,20.250000,85.838889,Chintamanisvara Siva Temple,चिंतामणीश्वर मंदिर,,చింతామణీశ్వరాలయం,ಚಿಂತಮಾನಸ್ವರ ಶಿವ ದೇವಸ್ಥಾನ,,চিন্তামণিশ্বর শিবমন্দির,ଚିନ୍ତାମଣିଶ୍ୱର ଶିବ ମନ୍ଦିର,चिंतामणीश्वर मंदिर,,http://commons.wikimedia.org/wiki/Special:FilePath/Chintamanisvara%20Siva%20Temple.jpg?width=640,Shiva,Hinduism,,,,,,,,https://upload.wikimedia.org/wikipedia/commons/b/b1/Chintamanisvara_Siva_Temple.jpg,https://upload.wikimedia.org/wikipedia/commons/b/b1/Chintamanisvara_Siva_Temple.jpg,FAL,Dr. Sadasiba Pradhan,https://en.wikipedia.org/wiki/Chintamanisvara_Siva_Temple
Q5268662,Odisha,20.198333,85.844722,Dhabaleswar,,,,,,,ଧବଳେଶ୍ଵର ମନ୍ଦିର,,,http://commons.wikimedia.org/wiki/Special:FilePath/Dhabaleswar%20Temple.JPG?width=640,Shiva,,,,,,,,,https://upload.wikimedia.org/wikipedia/commons/f/fd/Dhabaleswar_Temple.JPG,https://upload.wikimedia.org/wikipedia/commons/f/fd/Dhabaleswar_Temple.JPG,CC BY-SA 4.0,Nirmalbarik,https://en.wikipedia.org/wiki/Dhabaleswar_Temple
Q5275550,Odisha,20.261944,85.786111,"Digambara Jaina Temple, Khandagiri",,,,,,,"ଦିଗମ୍ବର ଜୈନ ମନ୍ଦିର , ଖଣ୍ଡଗିରୀ",,,http://commons.wikimedia.org/wiki/Special:FilePath/Digambara.png?width=640,,,,,,,,,Jain temple in Khandagiri,https://upload.wikimedia.org/wikipedia/commons/6/66/Digambara.png,https://upload.wikimedia.org/wikipedia/commons/6/66/Digambara.png,CC BY-SA 3.0,Swymprva,"https://en.wikipedia.org/wiki/Digambara_Jain_temple,_Khandagiri"
Q5288835,Odisha,20.243055,85.834444,Dolagovinda Siva Temple,,,,,,,,,,http://commons.wikimedia.org/wiki/Special:FilePath/Dolagobinda%20Shiva%20Temple%2C%20Bhubaneswar.jpg?width=640,Shiva,,,,,,,,,https://upload.wikimedia.org/wikipedia/commons/9/96/Dolagobinda_Shiva_Temple%2C_Bhubaneswar.jpg,https://upload.wikimedia.org/wikipedia/commons/9/96/Dolagobinda_Shiva_Temple%2C_Bhubaneswar.jpg,CC BY-SA 4.0,Prateek Pattanaik,https://en.wikipedia.org/wiki/Dolagovinda_Siva_Temple
Q5316395,Odisha,20.069736,86.125287,"Durga Temple, Motia",,,,,,,"ଦୁର୍ଗା ମନ୍ଦିର, ମୋଟିଆଁ",,,http://commons.wikimedia.org/wiki/Special:FilePath/Durga%20Temple%20Motia.jpg?width=640,,,Kalinga architecture,,,,,,,https://upload.wikimedia.org/wikipedia/commons/d/de/Durga_Temple_Motia.jpg,https://upload.wikimedia.org/wikipedia/commons/d/de/Durga_Temple_Motia.jpg,CC BY-SA 4.0,Prateek Pattanaik,"https://en.wikipedia.org/wiki/Durga_Temple,_Motia"
Q5451747,Odisha,19.945370,85.820467,Sakhigopal Temple,,,,ಸಾಕ್ಷಿಗೋಪಾಲ್  ದೇವಾಲಯ,,,ସାକ୍ଷୀଗୋପାଳ ମନ୍ଦିର,,,http://commons.wikimedia.org/wiki/Special:FilePath/Shree%20Gopalaji%20Temple%20%282%29.jpg?width=640,,,,,,,,,Sakhigopal Temple,https://upload.wikimedia.org/wikipedia/commons/1/19/Shree_Gopalaji_Temple.jpg,https://upload.wikimedia.org/wikipedia/commons/1/19/Shree_Gopalaji_Temple.jpg,CC BY-SA 4.0,Chinmayee Mishra,https://en.wikipedia.org/wiki/Sakhigopal_Mandir
Q5555637,Odisha,21.354690,83.919217,Ghanteswari Temple,घंटेश्वरी मंदिर,,,,,ঘন্টেশ্বরী মন্দির,ଘଣ୍ଟେଶ୍ଵରୀ ମନ୍ଦିର,,,http://commons.wikimedia.org/wiki/Special:FilePath/Ghanteswari%20Temple%20%2818%29.jpg?width=640,,,,,,,,,Ghanteswari Temple,https://upload.wikimedia.org/wikipedia/commons/6/63/Ghanteswari_Temple_%2818%29.jpg,https://upload.wikimedia.org/wikipedia/commons/6/63/Ghanteswari_Temple_%2818%29.jpg,CC BY-SA 4.0,Aditya Mahar,https://en.wikipedia.org/wiki/Ghanteswari_Temple
Q5657930,Odisha,20.854406,82.860610,Harishankar Temple,,,,ಹರಿಶಂಕರ್ ದೇವಾಲಯ,,,ହରିଶଙ୍କର ମନ୍ଦିର,,,http://commons.wikimedia.org/wiki/Special:FilePath/Harishankar%20Temple.jpg?width=640,,,,,,,,,Harishankar Temple,https://upload.wikimedia.org/wikipedia/commons/3/38/Harishankar_Temple.jpg,https://upload.wikimedia.org/wikipedia/commons/3/38/Harishankar_Temple.jpg,CC BY 3.0,AmitabhPatra,https://en.wikipedia.org/wiki/Harishankar_Temple
Q5717871,Odisha,19.489700,84.899800,Tara Tarini Temple,तारातारिणी मंदिर,,తారా తరిణి మందిర్,ತಾರಾತಾರಿಣೀ ಮಂದಿರ,,,ତାରାତାରିଣୀ ମନ୍ଦିର,,,http://commons.wikimedia.org/wiki/Special:FilePath/Taratarini%20maa.jpg?width=640,,,,,,,,,Tara Tarini Temple,https://upload.wikimedia.org/wikipedia/commons/b/bb/Taratarini_maa.jpg,https://upload.wikimedia.org/wikipedia/commons/b/bb/Taratarini_maa.jpg,CC BY 3.0,Nayansatya,https://en.wikipedia.org/wiki/Tara_Tarini_Mandir
Q60398736,Odisha,19.975735,86.037116,Gangeswari Temple,,,,,,গঙ্গেশ্বরী মন্দির,ଗଙ୍ଗେଶ୍ୱରୀ ଦେଉଳ,,,http://commons.wikimedia.org/wiki/Special:FilePath/Gangeswari%20Temple%2C%20Bayalisabati%2001.jpg?width=640,,,Kalinga architecture,,,,State Protected Monument,,"Gangeswari Temple, Bayalisabati",,http://commons.wikimedia.org/wiki/Special:FilePath/Gangeswari%20Temple%2C%20Bayalisabati%2001.jpg?width=640,CC BY-SA 4.0,Prateek Pattanaik,
Q60398769,Odisha,19.991792,86.010697,,,,,,,,ଶୋଭନେଶ୍ୱର ଦେଉଳ,,,http://commons.wikimedia.org/wiki/Special:FilePath/Sobhaneswara%20Temple%2C%20Niali%2001.jpg?width=640,,,,,,,,,"Sobhaneswara Temple, Niali",,http://commons.wikimedia.org/wiki/Special:FilePath/Sobhaneswara%20Temple%2C%20Niali%2001.jpg?width=640,CC BY-SA 4.0,Prateek Pattanaik,
Q60400566,Odisha,20.239330,85.833503,Chitrakarini Temple,,,,,,,ଚିତ୍ରକାରିଣୀ ମନ୍ଦିର,,,http://commons.wikimedia.org/wiki/Special:FilePath/Chitrakarini%20Temple%2C%20Bhubaneshwar%20%285%29.jpg?width=640,,,,,,,Monument of National Importance,,"Chitrakarini Temple, Bhubaneshwar",,http://commons.wikimedia.org/wiki/Special:FilePath/Chitrakarini%20Temple%2C%20Bhubaneshwar%20%285%29.jpg?width=640,CC BY 3.0 pl,Radosław Botev,
Q6078838,Odisha,20.253056,85.843333,Isanesvara Siva Temple,,,,,,,,,,http://commons.wikimedia.org/wiki/Special:FilePath/Isanesvara.jpg?width=640,,,,,,,,,,https://upload.wikimedia.org/wikipedia/commons/d/d2/Isanesvara.jpg,https://upload.wikimedia.org/wikipedia/commons/d/d2/Isanesvara.jpg,FAL,Dr. Sadasiba Pradhan and team.,https://en.wikipedia.org/wiki/Isanesvara_Siva_Temple
Q6122164,Odisha,21.929161,86.723305,"Shri Shri Hari Baladev Jew Bije, Baripada",,,"జగన్నాథ దేవాలయం, బరిపడ",ಜಗನ್ನಾಥ್ ದೇವಾಲಯ ಬರಿಪದ,,,"ଜଗନ୍ନାଥ ମନ୍ଦିର, ବାରିପଦା",,,http://commons.wikimedia.org/wiki/Special:FilePath/Jagannath%20Temple%20baripada%203.jpg?width=640,,,,,,,,,"Shri Shri Hari Baladev Jew Bije, Baripada",https://upload.wikimedia.org/wikipedia/commons/7/71/Jagannath_Temple_baripada_3.jpg,https://upload.wikimedia.org/wikipedia/commons/7/71/Jagannath_Temple_baripada_3.jpg,CC BY-SA 3.0,Ansuman,"https://en.wikipedia.org/wiki/Shri_Shri_Hari_Baladev_Jew_Bije,_Baripada"
Q6122168,Odisha,19.804722,85.818333,"Jagannath Temple, Dharakote",,,,,,,"ଜଗନ୍ନାଥ ମନ୍ଦିର, ଧରାକୋଟ",,,http://commons.wikimedia.org/wiki/Special:FilePath/Dharakote%20jagannathemple.jpg?width=640,,,,,,,,,,https://upload.wikimedia.org/wikipedia/commons/8/81/Dharakote_jagannathemple.jpg,https://upload.wikimedia.org/wikipedia/commons/8/81/Dharakote_jagannathemple.jpg,CC BY 3.0,Seklax,"https://en.wikipedia.org/wiki/Jagannath_Mandir,_Dharakot"
Q6366646,Odisha,20.682055,85.763092,Kapilash Temple,कपिलाश मंदिर,"சந்திரசேகர் கோவில் ,கபிலாஷ்",,,,কপিলাস মন্দির,କପିଳାସ ଶିବ ମନ୍ଦିର,,,http://commons.wikimedia.org/wiki/Special:FilePath/Kapilas%20Chandrasekhar%20mahadev%20temple%20from%20hilltop.JPG?width=640,Shiva,,,,,,Monument of National Importance,,Kapilash Temple,https://upload.wikimedia.org/wikipedia/commons/a/a4/Kapilasa_temple_Dhenkanal_Odisha4.jpg,https://upload.wikimedia.org/wikipedia/commons/a/a4/Kapilasa_temple_Dhenkanal_Odisha4.jpg,CC BY 3.0,Diptiman Panigrahi,https://en.wikipedia.org/wiki/Kapilash_Temple
Q6401720,Odisha,21.537722,86.879453,Khirachora Gopinatha Temple,खीराचोरा गोपीनाथ मन्दिर,,,ಖಿರಾಚಾರ ಗೋಪೀನಾಥ ದೇವಾಲಯ,,,କ୍ଷୀରଚୋରା ଗୋପୀନାଥ ମନ୍ଦିର,,,http://commons.wikimedia.org/wiki/Special:FilePath/Khirachora%20Gopinatha%20Temple.jpg?width=640,,,,,,,State Protected Monument,,Khirachora Gopinatha Temple,https://upload.wikimedia.org/wikipedia/commons/1/15/Khirachora_Gopinatha_Temple.jpg,https://upload.wikimedia.org/wikipedia/commons/1/15/Khirachora_Gopinatha_Temple.jpg,CC BY-SA 3.0,Ansuman,https://en.wikipedia.org/wiki/Khirachora_Gopinatha_Temple
Q6404120,Odisha,21.553000,85.495000,Kichakeshwari Temple,,,కీచకేశ్వరి ఆలయం,,,কিচকেশ্বরী মন্দির,କୀଚକେଶ୍ଵରୀ ମନ୍ଦିର,,,http://commons.wikimedia.org/wiki/Special:FilePath/Maa%20Kichakeswari%20temple%2C%20Khiching%2C%20Mayurbhanj%2C%20Odisha.jpg?width=640,,,,,,,State Protected Monument,,Kichakeshwari Temple,https://upload.wikimedia.org/wikipedia/commons/5/51/Khiching_Temple.jpg,https://upload.wikimedia.org/wikipedia/commons/5/51/Khiching_Temple.jpg,CC BY-SA 4.0,Dishabhagat07,https://en.wikipedia.org/wiki/Kichakeshwari_Temple
Q6467004,Odisha,20.256111,85.838333,Labesvara Siva Temple,लाबेसेवरा शिव मंदिर,,లబేశ్వర శివాలయం,ಲೇಬೇಸ್ವರ ಶಿವ ದೇವಸ್ಥಾನ,,লবেশ্বর শিব মন্দির,ଲବେଶ୍ୱର ଶିବ ମନ୍ଦିର,,,http://commons.wikimedia.org/wiki/Special:FilePath/Labeswara%20or%20Labakeswara%20Temple.jpg?width=640,,,,,,,,,,https://upload.wikimedia.org/wikipedia/commons/1/1f/Labeswara_or_Labakeswara_Temple.jpg,https://upload.wikimedia.org/wikipedia/commons/1/1f/Labeswara_or_Labakeswara_Temple.jpg,CC BY-SA 4.0,Prateek Pattanaik,https://en.wikipedia.org/wiki/Labesvara_Siva_Temple
Q6469809,Odisha,20.032038,85.085007,Ladoo Baba Temple,,,,,,,ଲଡୁବାବା ମନ୍ଦିର,,,http://commons.wikimedia.org/wiki/Special:FilePath/Ladubaba%20temple%20%282%29.jpg?width=640,,,,,,,,,,https://upload.wikimedia.org/wikipedia/commons/4/4c/Ladubaba_temple_%282%29.jpg,https://upload.wikimedia.org/wikipedia/commons/4/4c/Ladubaba_temple_%282%29.jpg,CC BY-SA 4.0,Ashutoshatm9438,https://en.wikipedia.org/wiki/Laddu_Baba_Temple
Q6479573,Odisha,20.684194,86.645972,Lakhmi Varaha Temple,,,,ಲಕ್ಹ್ಮೀ  ವರಾಹ  ದೇವಾಲಯ,,,ଲକ୍ଷ୍ମୀ ବରାହ ମନ୍ଦିର,,,http://commons.wikimedia.org/wiki/Special:FilePath/Barahji%20Mandira%20Alli.jpg?width=640,,,,,,,,,,https://upload.wikimedia.org/wikipedia/commons/c/c8/Barahji_Mandira_Alli.jpg,https://upload.wikimedia.org/wikipedia/commons/c/c8/Barahji_Mandira_Alli.jpg,CC BY-SA 4.0,Lalat14,https://en.wikipedia.org/wiki/Lakhmi_Varaha_Temple
Q6504454,Odisha,19.803493,85.801156,Lokanatha Temple,,,,ಲೋಕನಾಥ  ದೇವಾಲಯ,,লোকনাথ মন্দির,ଲୋକନାଥ ମନ୍ଦିର,,,http://commons.wikimedia.org/wiki/Special:FilePath/Lokanath%20temple.jpeg?width=640,,,,,,,,,,https://upload.wikimedia.org/wikipedia/commons/5/55/Lokanath_temple.jpeg,https://upload.wikimedia.org/wikipedia/commons/5/55/Lokanath_temple.jpeg,Public domain,Abha S Pradhan,https://en.wikipedia.org/wiki/Lokanatha_Temple
Q6507156,Odisha,21.280673,83.912484,Leaning Temple of Huma,,,,,,,ବିମଳେଶ୍ଵର ଦେଉଳ,झुकलेले हुमाचे मंदिर,,http://commons.wikimedia.org/wiki/Special:FilePath/Leaning%20Temple%20Huma.jpg?width=640,Shiva,,,,,,Sambalpur district,,,https://upload.wikimedia.org/wikipedia/commons/2/2a/Leaning_Temple_Huma.jpg,https://upload.wikimedia.org/wikipedia/commons/2/2a/Leaning_Temple_Huma.jpg,CC BY-SA 4.0,Rajeshjena453,https://en.wikipedia.org/wiki/Leaning_Temple_of_Huma
Q6507638,Odisha,20.238333,85.833611,Rajarani Temple,राजारानी मंदिर,ராஜாராணி கோயில்,రాజారాణి ఆలయం,ರಾಜರಾಣಿ ದೇವಾಲಯ,രാജരാണി ക്ഷേത്രം,রাজারাণী মন্দির,ରାଜାରାଣୀ ମନ୍ଦିର,राजाराणी मंदिर,,http://commons.wikimedia.org/wiki/Special:FilePath/RajaRani-Bhubaneswar-Odisha-Dsc001.jpg?width=640,Shiva,Hinduism,,,,,Monument of National Importance,,Rajarani Temple,https://upload.wikimedia.org/wikipedia/commons/9/9b/Rajarani_Temple_2.jpg,https://upload.wikimedia.org/wikipedia/commons/9/9b/Rajarani_Temple_2.jpg,CC BY-SA 3.0,Amartyabag,https://en.wikipedia.org/wiki/Rajarani_Temple
Q6507707,Odisha,20.250000,85.833333,Rameshwar Deula,,,రామేశ్వర దేవళం,ರಾಮೇಶ್ವರ್ ಡ್ಯೂಲಾ,രാമേശ്വരം ക്ഷേത്രം,রামেশ্বর দেউল,ରାମେଶ୍ଵର ମନ୍ଦିର,रामेश्वर मंदिर,,http://commons.wikimedia.org/wiki/Special:FilePath/Rameswar%20Deula%20%287%29.jpg?width=640,,,,,,,Monument of National Importance,,Rameswar temple,https://upload.wikimedia.org/wikipedia/commons/8/87/Rameshwar_lingaraja.jpg,https://upload.wikimedia.org/wikipedia/commons/8/87/Rameshwar_lingaraja.jpg,CC BY 3.0,myself,https://en.wikipedia.org/wiki/Rameshwar_Deula
Q65321235,Odisha,20.245300,85.842500,Talesavara Siva Temple – II,,,తాళేశ్వర శివాలయం - II,,,,,,,http://commons.wikimedia.org/wiki/Special:FilePath/Talesavara%20Siva%20temple-II.png?width=640,,,,,,,,,,https://upload.wikimedia.org/wikipedia/commons/0/05/Talesavara_Siva_temple-II.png,https://upload.wikimedia.org/wikipedia/commons/0/05/Talesavara_Siva_temple-II.png,FAL,Dr. Sadasiba Pradhan and team.,https://en.wikipedia.org/wiki/Talesavara_Siva_Temple_%E2%80%93_II
Q6668599,Odisha,20.256111,85.838333,Bhaskareswar Temple,,,,ಭಸ್ಕರೆಶ್ವರ ದೇವಸ್ಥಾನ,,ভাস্করেশ্বর মন্দির,ଭାସ୍କରେଶ୍ୱର ମନ୍ଦିର,,,http://commons.wikimedia.org/wiki/Special:FilePath/Bhaskareswar%20Temple%20Bhubaneswar%20Odisha%20File2.jpg?width=640,Shiva,,,,,,Monument of National Importance,,Bhaskareswar temple,,http://commons.wikimedia.org/wiki/Special:FilePath/Bhaskareswar%20Temple%20Bhubaneswar%20Odisha%20File2.jpg?width=640,CC BY-SA 4.0,রবিরশ্মি রায়,
Q6733572,Odisha,20.850000,86.333333,Mahavinayak Temple,,,మహావినాయక దేవాలయం,,,,ମହାବିନାୟକ ଦେଉଳ,,,http://commons.wikimedia.org/wiki/Special:FilePath/Mahabinayak%20temple.jpg?width=640,,,,,,,,,,https://upload.wikimedia.org/wikipedia/commons/4/41/Mahabinayak_temple.jpg,https://upload.wikimedia.org/wikipedia/commons/4/41/Mahabinayak_temple.jpg,CC BY-SA 3.0,Kamalakanta777,https://en.wikipedia.org/wiki/Mahavinayak_Temple
Q6737771,Odisha,19.160034,83.407790,Majhighariani Temple,,,మజ్జి గౌరమ్మ దేవాలయం,ಮ್ಜಹಿಘರಿಯಾನಿ  ದೇವಾಲಯ,,,ମଝିଘରିଆଣୀ ମନ୍ଦିର,,,http://commons.wikimedia.org/wiki/Special:FilePath/Maa%20Majigouri.jpg?width=640,,,,,,,,,Majhighariani Temple,https://upload.wikimedia.org/wikipedia/commons/8/83/Maa_Sri_Majhigauri.jpg,https://upload.wikimedia.org/wikipedia/commons/8/83/Maa_Sri_Majhigauri.jpg,CC BY-SA 4.0,Hiranyabaahu,https://en.wikipedia.org/wiki/Majhighariani_Temple
Q6748697,Odisha,20.243889,85.843889,Mangalesvara Siva Temple,,,మంగళేశ్వర శివాలయం,ಮಂಗಲೇಶ್ವರ ಶಿವ ದೇವಸ್ಥಾನ,,মঙ্গলেশ্বর শিব মন্দির,ମଙ୍ଗଳେଶ୍ଵର ଶିବ ମନ୍ଦିର,,,http://commons.wikimedia.org/wiki/Special:FilePath/Mangalesvara%20Siva%20Temple..png?width=640,,,,,,,,,,https://upload.wikimedia.org/wikipedia/commons/5/58/Mangalesvara_Siva_Temple..png,https://upload.wikimedia.org/wikipedia/commons/5/58/Mangalesvara_Siva_Temple..png,FAL,Dr. Sadasiba Pradhan and team,https://en.wikipedia.org/wiki/Mangalesvara_Siva_Temple
Q6749618,Odisha,19.905996,83.169380,Manikeshwari Temple,,,,,,,ମାଣିକେଶ୍ଵରୀ ମନ୍ଦିର,,,http://commons.wikimedia.org/wiki/Special:FilePath/ManikeswarTemple.jpg?width=640,Manikeswari,,,,,,,,Manikeshwari Temple,https://upload.wikimedia.org/wikipedia/commons/b/b0/ManikeswarTemple.jpg,https://upload.wikimedia.org/wikipedia/commons/b/b0/ManikeswarTemple.jpg,CC BY-SA 4.0,Sangram Keshari Senapati,https://en.wikipedia.org/wiki/Manikeshwari_Temple
Q6762570,Odisha,21.558317,86.752767,Marichi Temple,,,,,,,ମାରିଚୀ ମନ୍ଦିର,,,http://commons.wikimedia.org/wiki/Special:FilePath/Marichi%20temple%20Baleswar%20Odisha.jpg?width=640,,,,,,,,,Marichi Temple,https://upload.wikimedia.org/wikipedia/commons/4/46/Marichi_temple_Baleswar_Odisha.jpg,https://upload.wikimedia.org/wikipedia/commons/4/46/Marichi_temple_Baleswar_Odisha.jpg,CC BY-SA 3.0,Subhasisa Panigahi,https://en.wikipedia.org/wiki/Marichi_Temple
Q67648120,Odisha,20.895796,82.827939,Nrusinghanath Temple,,,,,,,,,,http://commons.wikimedia.org/wiki/Special:FilePath/NrusinghnathShrine.JPG?width=640,,,,,,,State Protected Monument,,Nrusinghanath Temple,https://upload.wikimedia.org/wikipedia/commons/1/1b/Nrusinghanath_Temple.JPG,https://upload.wikimedia.org/wikipedia/commons/1/1b/Nrusinghanath_Temple.JPG,CC BY-SA 3.0,Sukantasarangi1,https://en.wikipedia.org/wiki/Nrusinghanath_Temple
Q7036869,Odisha,20.364629,85.195096,Nilamadhav Temple,,,,,,"নীলমাধব মন্দির, ওড়িশা",ନୀଳମାଧବ ମନ୍ଦିର,,,http://commons.wikimedia.org/wiki/Special:FilePath/Lord%20Nilamadhaba%20Temple%2C%20Kantilo%2C%2002.jpg?width=640,,,,,,,,,Nilamadhav Temple,https://upload.wikimedia.org/wikipedia/commons/b/b2/Lord_Nilamadhaba_Temple%2C_Kantilo%2C_02.jpg,https://upload.wikimedia.org/wikipedia/commons/b/b2/Lord_Nilamadhaba_Temple%2C_Kantilo%2C_02.jpg,CC BY-SA 3.0,Krupasindhu Muduli,https://en.wikipedia.org/wiki/Nilamadhav_Temple
Q7067539,Odisha,,,Nrusinghanath Temple,,,,,,,ନୃସିଂହନାଥ ମନ୍ଦିର,,,http://commons.wikimedia.org/wiki/Special:FilePath/Nrusinghanath%20Temple.JPG?width=640,,,,,,,,,,,http://commons.wikimedia.org/wiki/Special:FilePath/Nrusinghanath%20Temple.JPG?width=640,CC BY-SA 3.0,Sukantasarangi1,
Q7077900,Odisha,20.025691,84.980964,Odogaon Raghunath Temple,,,,,,,,,,http://commons.wikimedia.org/wiki/Special:FilePath/Sri%20raghunath%20jew%20temple%20-%205.jpg?width=640,,,,,,,,,Odagaon Raghunath Temple,,http://commons.wikimedia.org/wiki/Special:FilePath/Sri%20raghunath%20jew%20temple%20-%205.jpg?width=640,CC BY-SA 4.0,"[[User Bind mahapatra panda

Call 9938373266,9337666268]]",https://en.wikipedia.org/wiki/Odogaon_Raghunath_Temple
Q7121522,Odisha,20.249722,85.842778,Pabaneswara Temple,पबनेस्वर मंदिर,,పబనేశ్వర శివాలయం,ಪಬನೇಶ್ವರ ದೇವಾಲಯ,,পবনেশ্বর মন্দির,ପବନେଶ୍ୱର ମନ୍ଦିର,,,http://commons.wikimedia.org/wiki/Special:FilePath/Pabaneswara%201.jpg?width=640,,,,,,,,,,https://upload.wikimedia.org/wikipedia/commons/d/de/Pabaneswara_1.jpg,https://upload.wikimedia.org/wikipedia/commons/d/de/Pabaneswara_1.jpg,FAL,Dr. Sadasiba Pradhan,https://en.wikipedia.org/wiki/Pabaneswara_Temple
Q7132477,Odisha,20.243889,85.843889,Papanasini Siva Temple,,,పాపనాశిని శివాలయం,,,,ପାପନାଶିନୀ ଦେଉଳ,,,http://commons.wikimedia.org/wiki/Special:FilePath/Papanasini%20Temple%202.jpg?width=640,,,,,,,,,"Papanasini Siva Temple, Bhubaneswar",https://upload.wikimedia.org/wikipedia/commons/5/5b/Papanasini_Temple_2.jpg,https://upload.wikimedia.org/wikipedia/commons/5/5b/Papanasini_Temple_2.jpg,CC BY-SA 4.0,Gayatree_Tripathy,https://en.wikipedia.org/wiki/Papanasini_Siva_Temple
Q7134073,Odisha,20.253056,85.843333,Paradaresvara Siva Temple,,,,,,,,,,http://commons.wikimedia.org/wiki/Special:FilePath/Paradesvara%20Temple.jpg?width=640,,,,,,,,,,https://upload.wikimedia.org/wikipedia/commons/b/b2/Paradesvara_Temple.jpg,https://upload.wikimedia.org/wikipedia/commons/b/b2/Paradesvara_Temple.jpg,FAL,Dr. Sadasiba Pradhan and team,https://en.wikipedia.org/wiki/Paradaresvara_Siva_Temple
Q7140073,Odisha,20.233333,85.850000,Parsurameswara Temple,परशुरामेश्वर मंदिर,பரசுராமேசுவரர் கோவில்,పరశురామేశ్వర్ ఆలయం,ಪರಶುರಮೇಶ್ವರ ದೇವಾಲಯ,പരശുരാമേശ്വര ക്ഷേത്രം,পরশুরামেশ্বর মন্দির,ପର୍ଶୁରାମେଶ୍ଵର ମନ୍ଦିର,,,http://commons.wikimedia.org/wiki/Special:FilePath/Parasurameswar%20temple%20with%20linga.jpg?width=640,Shiva,,,,,,Monument of National Importance,,Parsurameswara Temple,https://upload.wikimedia.org/wikipedia/commons/4/4d/Parsurameswara_temple_complex.jpg,https://upload.wikimedia.org/wikipedia/commons/4/4d/Parsurameswara_temple_complex.jpg,CC BY-SA 4.0,Teamdetourodisha,https://en.wikipedia.org/wiki/Parsurameswara_Temple
Q7288686,Odisha,19.854580,86.059211,Ramachandi Temple,,,,,,,ରାମଚଣ୍ଡୀ ମନ୍ଦିର,,,http://commons.wikimedia.org/wiki/Special:FilePath/Temple%20of%20Goddess%20%27Ramachandi%27%20beside%20Kushabhadra%20river%20in%20Odisha%2013.jpg?width=640,,,,,,,,,Ramachandi temple,https://upload.wikimedia.org/wikipedia/commons/a/ab/Maa_Ramachnadi_Temple.jpg,https://upload.wikimedia.org/wikipedia/commons/a/ab/Maa_Ramachnadi_Temple.jpg,CC BY-SA 4.0,ArunKuRout,https://en.wikipedia.org/wiki/Ramachandi_Temple
Q7418651,Odisha,20.244722,85.835000,Sankarananda Matha,,,శంకరానంద మఠం,,,,,,,http://commons.wikimedia.org/wiki/Special:FilePath/Sankarananda%20matha%20burial%20temple%201.png?width=640,,,,,,,,,,https://upload.wikimedia.org/wikipedia/commons/7/76/Sankarananda_matha_burial_temple_1.png,https://upload.wikimedia.org/wikipedia/commons/7/76/Sankarananda_matha_burial_temple_1.png,FAL,Dr sadashiv pradhan,https://en.wikipedia.org/wiki/Sankarananda_Matha
Q7423024,Odisha,20.701194,86.417578,Sarala Temple,,,,,സരള ക്ഷേത്രം,,ସାରଳା ମନ୍ଦିର,,,http://commons.wikimedia.org/wiki/Special:FilePath/Sarala%20Temple%20Small.JPG?width=640,,,,,,,,,Sarala temple,https://upload.wikimedia.org/wikipedia/commons/6/6a/Sarala_Temple_Small.JPG,https://upload.wikimedia.org/wikipedia/commons/6/6a/Sarala_Temple_Small.JPG,CC BY-SA 3.0,Sujit kumar,https://en.wikipedia.org/wiki/Sarala_Temple
Q752091,Odisha,19.887444,86.094596,Konark Sun Temple,कोणार्क सूर्य मंदिर,கொனார்க் சூரியன் கோயில்,కోణార్క సూర్య దేవాలయం,ಕಾಲ್ಕಾ-ಶಿಮ್ಲಾ ಪರ್ವತ ರೈಲುಮಾರ್ಗ,കൊണാർക്ക് സൂര്യക്ഷേത്രം,কোণার্ক সূর্য মন্দির,କୋଣାର୍କ ସୂର୍ଯ୍ୟ ମନ୍ଦିର,कोणार्क सूर्य मंदिर,કોણાર્ક સૂર્ય મંદિર,http://commons.wikimedia.org/wiki/Special:FilePath/Konark%20Sun%20Temple%20%2880031%29.jpg?width=640,solar deity,,Kalinga architecture,,,1201-01-01T00:00:00Z,World Heritage Site,,Konark Sun Temple,https://upload.wikimedia.org/wikipedia/commons/4/47/Konarka_Temple.jpg,https://upload.wikimedia.org/wikipedia/commons/4/47/Konarka_Temple.jpg,CC BY-SA 4.0,Subham9423,https://en.wikipedia.org/wiki/Konark_Sun_Temple
Q763027,Odisha,19.804722,85.818333,Mausi Maa Temple,,,,,,,ମାଉସୀ ମା’ ମନ୍ଦିର,,,http://commons.wikimedia.org/wiki/Special:FilePath/Maushi%20Maa%20Temple%2C%20Puri%2C%20Odisha.JPG?width=640,,,,,,,,,,https://upload.wikimedia.org/wikipedia/commons/5/53/Maushi_Maa_Temple%2C_Puri%2C_Odisha.JPG,https://upload.wikimedia.org/wikipedia/commons/5/53/Maushi_Maa_Temple%2C_Puri%2C_Odisha.JPG,CC BY-SA 3.0,Aditya Mahar,https://en.wikipedia.org/wiki/Mausi_Maa_Temple
Q7635703,Odisha,20.240800,85.836700,Suka Temple,,,శుక ఆలయం,ಸುಖಾ ದೇವಾಲಯ,,সুখ মন্দির,ଶୁକ ମନ୍ଦିର,,,http://commons.wikimedia.org/wiki/Special:FilePath/Suka%20%28Sua%29%20Deula%20at%20Bhubaneswar%2C%20Odisha.jpg?width=640,Shiva,,,,,,,,Sukasari temple,https://upload.wikimedia.org/wikipedia/commons/3/3d/Suka_%28Sua%29_Deula_at_Bhubaneswar%2C_Odisha.jpg,https://upload.wikimedia.org/wikipedia/commons/3/3d/Suka_%28Sua%29_Deula_at_Bhubaneswar%2C_Odisha.jpg,CC BY-SA 4.0,Prateek Pattanaik,https://en.wikipedia.org/wiki/Suka_Temple
Q7903409,Odisha,20.250600,85.855000,Uttaresvara Siva Temple,,,ఉత్తరేశ్వర శివాలయం,ಉತ್ತರೇಶ್ವರ ಶಿವ ದೇವಾಲಯ,,উত্তরেশ্বর শিবমন্দির,ଉତ୍ତରେଶ୍ଵର ଶିବ ମନ୍ଦିର,,,http://commons.wikimedia.org/wiki/Special:FilePath/Uttaresvara%20Siva%20Temple..png?width=640,,,,,,,,,,https://upload.wikimedia.org/wikipedia/commons/5/53/Uttareswara_Temple.jpg,https://upload.wikimedia.org/wikipedia/commons/5/53/Uttareswara_Temple.jpg,CC BY-SA 4.0,Prateek Pattanaik,https://en.wikipedia.org/wiki/Uttaresvara_Siva_Temple
Q7915407,Odisha,20.858300,86.085600,Varahanatha Temple,,,,,,,ବରାହ ମନ୍ଦିର,,,http://commons.wikimedia.org/wiki/Special:FilePath/Varahanatha%20Temple%20Front%20View.JPG?width=640,,,,,,,Monument of National Importance,,Varahanatha Temple (Jajpur),https://upload.wikimedia.org/wikipedia/commons/f/f9/Varahanatha_Temple_Front_View.JPG,https://upload.wikimedia.org/wikipedia/commons/f/f9/Varahanatha_Temple_Front_View.JPG,CC BY-SA 3.0,Rajku6070,https://en.wikipedia.org/wiki/Varahanatha_Temple
Q83009,Odisha,19.804700,85.818300,Vimala Temple,विमला शक्तिपीठ,விமலா தேவி சக்தி பீடக் கோவில்,,,,বিমলা মন্দির,ବିମଳା ଶକ୍ତିପୀଠ,,વિમળા શક્તિપીઠ,http://commons.wikimedia.org/wiki/Special:FilePath/Minor%20temples%20in%20Jagannath%20Puri.jpg?width=640,,,,,,,,,,https://upload.wikimedia.org/wikipedia/commons/f/fd/Minor_temples_in_Jagannath_Puri.jpg,https://upload.wikimedia.org/wikipedia/commons/f/fd/Minor_temples_in_Jagannath_Puri.jpg,Public domain,"Mukherji, Poorno Chander",https://en.wikipedia.org/wiki/Vimala_Temple
Q84361886,Odisha,,,Baladevajiu Temple,,,,,,বলদেবজিউ মন্দির,,,,http://commons.wikimedia.org/wiki/Special:FilePath/Baladevajiu%20Temple%20-%202016-06-16%20-%20Copy.jpg?width=640,,,,,,,State Protected Monument,,,,http://commons.wikimedia.org/wiki/Special:FilePath/Baladevajiu%20Temple%20-%202016-06-16%20-%20Copy.jpg?width=640,CC BY-SA 4.0,Dillipwiki,
Q84362054,Odisha,,,Paramahansa Temple,,,,,,পরমহংস মন্দির,,,,http://commons.wikimedia.org/wiki/Special:FilePath/Parama%20Hansanath%20Temple.jpg?width=640,,,,,,,State Protected Monument,,,,http://commons.wikimedia.org/wiki/Special:FilePath/Parama%20Hansanath%20Temple.jpg?width=640,CC BY-SA 4.0,Meera Santoshi,
Q84362157,Odisha,,,Nadara Ramachandi Temple,,,,,,নাদারা রামচন্ডী মন্দির,,,,http://commons.wikimedia.org/wiki/Special:FilePath/Nadara%20Ramachandi%20Temple.jpg?width=640,,,,,,,State Protected Monument,,,,http://commons.wikimedia.org/wiki/Special:FilePath/Nadara%20Ramachandi%20Temple.jpg?width=640,CC BY-SA 3.0,ସରୋଜ କୁମାର ବେହେରା,
Q84362423,Odisha,,,Akhandalesvara Temple,,,,,,অখন্ডলেশ্বর মন্দির,,,,http://commons.wikimedia.org/wiki/Special:FilePath/Akhandaleswar%20Temple.jpg?width=640,,,,,,,State Protected Monument,,"Akhandaleswar Temple, Kakarudrapur",,http://commons.wikimedia.org/wiki/Special:FilePath/Akhandaleswar%20Temple.jpg?width=640,CC BY-SA 4.0,TaranisenPattnaik,
Q84362499,Odisha,,,Laxmanesvar Group of Temples,,,,,,লক্ষণেশ্বর মন্দিরসমূহ,,,,http://commons.wikimedia.org/wiki/Special:FilePath/Lakshmaneshvar%20temple%20%283%29.jpg?width=640,,,,,,,State Protected Monument,,Lakshmanesvara temple,,http://commons.wikimedia.org/wiki/Special:FilePath/Lakshmaneshvar%20temple%20%283%29.jpg?width=640,CC BY-SA 4.0,Ssriram mt,
Q84362528,Odisha,,,Svarnajalesvara Temple,,,,,,"স্বর্ণজলেশ্বর  মন্দির, খুরদা",,,,http://commons.wikimedia.org/wiki/Special:FilePath/Subarna%20Jaleswara%20temple.jpg?width=640,,,,,,,State Protected Monument,,Swarnajaleswara Temple,,http://commons.wikimedia.org/wiki/Special:FilePath/Subarna%20Jaleswara%20temple.jpg?width=640,CC BY-SA 4.0,Gayatree Tripathy,
Q97147580,Odisha,20.566667,86.016667,Pancha Pandava temple,,,,,,,,,,http://commons.wikimedia.org/wiki/Special:FilePath/Pancha%20Pandava%20temple.jpg?width=640,,,,,,,Monument of National Importance,,Pancha Pandava temple,,http://commons.wikimedia.org/wiki/Special:FilePath/Pancha%20Pandava%20temple.jpg?width=640,CC BY-SA 4.0,Anup525,
Q97147582,Odisha,20.333333,85.400000,Durga temple,,,,,,,,,,http://commons.wikimedia.org/wiki/Special:FilePath/Durga%20temple%20Baideswsr.%20jpg.jpg?width=640,,,,,,,Monument of National Importance,,"Durga temple, Baideswar",,http://commons.wikimedia.org/wiki/Special:FilePath/Durga%20temple%20Baideswsr.%20jpg.jpg?width=640,CC BY-SA 4.0,Anup525,
Q97147586,Odisha,20.352585,85.518814,Mahimamani Temple,,,,,,,,,,http://commons.wikimedia.org/wiki/Special:FilePath/Mahimamani%20Temple.jpg?width=640,,,,,,,Monument of National Importance,,Mahimamani Temple,,http://commons.wikimedia.org/wiki/Special:FilePath/Mahimamani%20Temple.jpg?width=640,CC BY-SA 4.0,Anup525,
Q97147604,Odisha,20.866667,84.300000,Temple of Nilamadhava and Sidheswara,,,,,,,,,,http://commons.wikimedia.org/wiki/Special:FilePath/Charisambhu.jpg?width=640,,,,,,,Monument of National Importance,,Temple of Nilamadhava and Sidheswara,,http://commons.wikimedia.org/wiki/Special:FilePath/Charisambhu.jpg?width=640,CC BY-SA 4.0,Anup525,
Q97147606,Odisha,20.800000,84.333333,"Paschima Somnatha, Bhubanesvara and Kapilesvara temples",,,,,,,,,,http://commons.wikimedia.org/wiki/Special:FilePath/Paschima%20Somanath.jpg?width=640,,,,,,,Monument of National Importance,,"Paschima Somnatha, Bhubanesvara and Kapilesvara temples",,http://commons.wikimedia.org/wiki/Special:FilePath/Paschima%20Somanath.jpg?width=640,CC BY-SA 4.0,Anup525,
Q97147616,Odisha,,,Bakeswar temple,,,,,,,,,,http://commons.wikimedia.org/wiki/Special:FilePath/Bhaskeswar%20Temple.JPG?width=640,,,,,,,Monument of National Importance,,Bakeswar temple,,http://commons.wikimedia.org/wiki/Special:FilePath/Bhaskeswar%20Temple.JPG?width=640,CC BY-SA 3.0,Radeeh,
Q97147638,Odisha,20.250000,85.833333,Sisiresvara temple,,,,,,,,,,http://commons.wikimedia.org/wiki/Special:FilePath/Vaitala%20n%20sisireswara.jpg?width=640,,,,,,,Monument of National Importance,,Sisiresvara Temple,,http://commons.wikimedia.org/wiki/Special:FilePath/Vaitala%20n%20sisireswara.jpg?width=640,CC BY-SA 3.0,Smaranika123,
Q97147703,Odisha,,,Daksha Prajapati temple,,,,,,,ଦକ୍ଷ ପ୍ରଜାପତି ମନ୍ଦିର,,,http://commons.wikimedia.org/wiki/Special:FilePath/Daksha%20Prajapati%20Temple.jpg?width=640,,,,,,,Monument of National Importance,,"Daksha Prajapati Temple, Banapur",,http://commons.wikimedia.org/wiki/Special:FilePath/Daksha%20Prajapati%20Temple.jpg?width=640,CC BY-SA 4.0,Anup525,
Q97147711,Odisha,20.828993,86.339760,Trilochaneswar Temple,,,,,,,,,,http://commons.wikimedia.org/wiki/Special:FilePath/Trilochaneswar%20Temple.jpg?width=640,,,,,,,Monument of National Importance,,Trilochaneswar Temple,,http://commons.wikimedia.org/wiki/Special:FilePath/Trilochaneswar%20Temple.jpg?width=640,CC BY-SA 4.0,Anup525,
Q97147717,Odisha,20.900000,85.633333,Kapileswar Mahadev Temple,,,,,,,,,,http://commons.wikimedia.org/wiki/Special:FilePath/Kapileswar%20Mahadev%20Temple.jpg?width=640,,,,,,,Monument of National Importance,,Kapileswar Mahadev Temple,,http://commons.wikimedia.org/wiki/Special:FilePath/Kapileswar%20Mahadev%20Temple.jpg?width=640,CC BY-SA 4.0,Anup525,
Q97147721,Odisha,20.800000,85.666667,Annakoteswar Temple,,,,,,,,,,http://commons.wikimedia.org/wiki/Special:FilePath/Annakoteswar%20Temple.jpg?width=640,,,,,,,Monument of National Importance,,Annakoteswar Temple,,http://commons.wikimedia.org/wiki/Special:FilePath/Annakoteswar%20Temple.jpg?width=640,CC BY-SA 4.0,Anup525,
